{"ratio":[],"shift":[["EXPOSE,P1_ART",-5],["EXPOSE,P1_GALERIE",0],["DIRIGE,P1_COMMISSAIRES-PRISEURS",0],["DIRIGE,P1_MARCHE",0],["RESTAURE,P1_RESTAURATEUR",0],["RESTAURE,P1_ART",0],["PRET,P1_ART",-27],["PRET,P1_MUSEE",0],["JUGE,P1_CRITIQUE",0],["JUGE,P1_ART",0],["VEND,P1_CREANCIER",0],["VEND,P1_ART",0],["EXPERTISE,P1_EXPERT",0],["EXPERTISE,P1_ART",0],["PARTICIPE,P1_CREANCIER",0],["PARTICIPE,P1_MARCHE",0],["POSSEDE,P1_CREANCIER",0],["POSSEDE,P1_ART",0],["CREE,P1_ARTISTE",0],["CREE,P1_ART",-40],["AIDE,P1_MECENE",0],["AIDE,P1_ARTISTE",0]],"colors":[["annotation_color","#d73027"],["annotation_text_color","#ffffbf"],["association_attribute_text_color","#000000"],["association_cartouche_color","#fdae61"],["association_cartouche_text_color","#000000"],["association_color","#fee090"],["association_stroke_color","#f46d43"],["background_color","#ffffbf"],["card_text_color","#4575b4"],["entity_attribute_text_color","#000000"],["entity_cartouche_color","#abd9e9"],["entity_cartouche_text_color","#000000"],["entity_color","#e0f3f8"],["entity_stroke_color","#74add1"],["leg_stroke_color","#f46d43"],["transparent_color","none"]],"cy":[["P1_COMMISSAIRES-PRISEURS",77],["P1_RESTAURATEUR",77],["P1_MUSEE",77],["EXPOSE",77],["P1_GALERIE",77],["DIRIGE",221],["RESTAURE",221],["PRET",221],["JUGE",221],["P1_CRITIQUE",221],["P1_MARCHE",356],["VEND",356],["P1_ART",356],["EXPERTISE",356],["P1_EXPERT",356],["P1_MECENE",356],["PARTICIPE",491],["P1_CREANCIER",491],["POSSEDE",491],["CREE",491],["P1_ARTISTE",491],["AIDE",491]],"cx":[["P1_COMMISSAIRES-PRISEURS",108],["P1_RESTAURATEUR",317],["P1_MUSEE",480],["EXPOSE",606],["P1_GALERIE",743],["DIRIGE",108],["RESTAURE",317],["PRET",480],["JUGE",606],["P1_CRITIQUE",743],["P1_MARCHE",108],["VEND",317],["P1_ART",480],["EXPERTISE",606],["P1_EXPERT",743],["P1_MECENE",893],["PARTICIPE",108],["P1_CREANCIER",317],["POSSEDE",480],["CREE",606],["P1_ARTISTE",743],["AIDE",893]],"size":[962,559]}